speed_ratio,w_align,n,safe_mean,safe_ci95,pred_entropy_var_mean,pred_entropy_var_ci95,pred_entropy_iqr_mean,pred_entropy_iqr_ci95
1.1,0.15,20,0.367578125,0.03041220271388381,1.7851902884480748,0.1704696679467699,1.044902933601267,0.27358984053948016
1.3,0.15,20,0.34375,0.02725634055277684,1.87164048118299,0.18462490217661917,0.857848628204494,0.12823519830323282
