speed_ratio,w_align,n,safe_mean,safe_ci95,pred_entropy_var_mean,pred_entropy_var_ci95,pred_entropy_iqr_mean,pred_entropy_iqr_ci95
1.1,0.15,20,0.3875,0.03902988375152935,2.0491884040084285,0.2720185220761152,1.5958199262349708,0.47870192430770375
1.3,0.15,20,0.308984375,0.030330938123688055,2.3129812512475967,0.3017051977538843,1.922470343074424,0.5289967380183127
