variant,speed_ratio,n,safe_mean,pred_entropy_var_mean,corr_safe_pred_entropy_var,delta_safe_vs_baseline,delta_pred_entropy_vs_baseline
baseline,1.1,20,0.37421875,1.8355080720287045,-0.5031579913589973,0.0,0.0
baseline,1.3,20,0.341015625,1.7710983129049143,-0.16680301795277783,0.0,0.0
soc_best_gain,1.1,20,0.37578125,1.7960634203880161,0.16069739553581747,0.0015625000000000222,-0.03944465164068833
soc_best_gain,1.3,20,0.34296875,1.8490702109793644,0.3402101668787863,0.001953125,0.07797189807445015
soc_branch_near1,1.1,20,0.373046875,1.8771166352917437,0.28901025865585006,-0.001171874999999989,0.04160856326303919
soc_branch_near1,1.3,20,0.327734375,1.7909433754873345,-0.00030621864294959827,-0.013281249999999967,0.019845062582420248
soc_low_activity,1.1,20,0.367578125,1.7851902884480748,0.00989061641354092,-0.006640625000000011,-0.05031778358062966
soc_low_activity,1.3,20,0.34375,1.87164048118299,-0.08272503461693197,0.002734375000000011,0.10054216827807583
