speed_ratio,w_align,n,safe_mean,safe_ci95,pred_entropy_var_mean,pred_entropy_var_ci95,pred_entropy_iqr_mean,pred_entropy_iqr_ci95
1.1,0.15,20,0.37421875,0.017025928671344493,1.8355080720287045,0.1567258871834907,0.9721435995142077,0.1854321551322554
1.3,0.15,20,0.341015625,0.019504663154374772,1.7710983129049143,0.15704022716946636,0.7818601748057965,0.23660185795734293
