{
  "behavior_check": {
    "count_mismatch_runs": 0,
    "max_chi_delta": 1.0480505352461478e-13,
    "max_safe_frac_delta": 0.0,
    "rows": [
      {
        "captured_nb": 8,
        "captured_np": 8,
        "chi_nb": 1.331924883056477,
        "chi_np": 1.3319248830565131,
        "safe_frac_nb": 0.2890625,
        "safe_frac_np": 0.2890625,
        "safe_nb": 37,
        "safe_np": 37,
        "seed": 0
      },
      {
        "captured_nb": 6,
        "captured_np": 6,
        "chi_nb": 2.4285862572696653,
        "chi_np": 2.4285862572695605,
        "safe_frac_nb": 0.2890625,
        "safe_frac_np": 0.2890625,
        "safe_nb": 37,
        "safe_np": 37,
        "seed": 1
      },
      {
        "captured_nb": 8,
        "captured_np": 8,
        "chi_nb": 0.6934495489376217,
        "chi_np": 0.693449548937621,
        "safe_frac_nb": 0.1953125,
        "safe_frac_np": 0.1953125,
        "safe_nb": 25,
        "safe_np": 25,
        "seed": 2
      }
    ]
  },
  "evader_step_numba_mean_s": 0.10896303333477893,
  "evader_step_numpy_mean_s": 0.445066566671206,
  "evader_step_speedup_x": 4.084564765224365,
  "iterations": 256,
  "numba_available": true,
  "repeats": 3,
  "seed": 0,
  "simulation_numba_mean_s": 0.16431650000352724,
  "simulation_numpy_mean_s": 0.4593498333366976,
  "simulation_speedup_x": 2.7955186078503202,
  "steps": 240
}
