variant,speed_ratio,n,safe_mean,pred_entropy_var_mean,circular_var_inc_mean,corr_safe_pred_entropy_var,corr_safe_circular_var_inc,delta_safe_vs_baseline,delta_pred_entropy_var_vs_baseline,delta_circular_var_vs_baseline
baseline,1.1,20,0.37421875,1.8355080720287045,0.0035689166758885336,-0.5031579913589973,-0.42711177257842037,0.0,0.0,0.0
baseline,1.3,20,0.341015625,1.7710983129049143,0.004329251688979524,-0.16680301795277783,-0.10318693889985661,0.0,0.0,0.0
soc_v3_entropy_high,1.1,20,0.366796875,2.1200417383745758,0.004163601780367221,-0.11669449202538876,0.6654181647200073,-0.007421874999999967,0.2845336663458713,0.0005946851044786872
soc_v3_entropy_high,1.3,20,0.27734375,2.1479583927361885,0.005875355045674957,-0.24573122168332642,-0.524572337399649,-0.06367187499999999,0.37686007983127423,0.0015461033566954337
soc_v3_entropy_mid,1.1,20,0.3875,2.0491884040084285,0.004081640215825749,0.30891484041936845,0.2785318964890607,0.013281250000000022,0.21368033197972403,0.0005127235399372152
soc_v3_entropy_mid,1.3,20,0.308984375,2.3129812512475967,0.006118641285527221,0.195987592616608,0.22011886434117048,-0.03203125000000001,0.5418829383426824,0.0017893895965476973
