speed_ratio,w_align,n,safe_mean,safe_ci95,pred_entropy_var_mean,pred_entropy_var_ci95,pred_entropy_iqr_mean,pred_entropy_iqr_ci95
1.1,0.15,20,0.373046875,0.0191083609652629,1.8771166352917437,0.2768797853089832,1.2289824119244412,0.4527008952891099
1.3,0.15,20,0.327734375,0.02447669275829653,1.7909433754873345,0.21725072864150805,0.957873410128357,0.20199470184832158
