speed_ratio,w_align,n,safe_mean,safe_ci95,pred_entropy_var_mean,pred_entropy_var_ci95,pred_entropy_iqr_mean,pred_entropy_iqr_ci95
1.1,0.15,20,0.366796875,0.03016775222929704,2.1200417383745758,0.17167204899292432,1.3666720878102903,0.34562828455056244
1.3,0.15,20,0.27734375,0.02627661068946408,2.1479583927361885,0.280641698656452,1.3600102276144876,0.35530499639045326
