speed_ratio,w_align,n,safe_mean,safe_ci95,pred_entropy_var_mean,pred_entropy_var_ci95,pred_entropy_iqr_mean,pred_entropy_iqr_ci95
1.1,0.15,20,0.37578125,0.0244116932403009,1.7960634203880161,0.16299140715660748,1.0127922606631763,0.12529082541031447
1.3,0.15,20,0.34296875,0.022047649271625426,1.8490702109793644,0.23940993414169548,1.1377098174442892,0.23007780326036703
